<?xml version="1.0" encoding="UTF-8"?>




<response>
	<header>
		<resultCode>00</resultCode>
		<resultMsg>NORMAL SERVICE.</resultMsg>
	</header>
	<body>
		<items>
			
				<item>
					<stationName>정왕동</stationName>
					<addr>경기 시흥시 정왕동 1799-5 (환경관리센터옥상)환경관리센터옥상</addr>
					<tm>1.1</tm>
				</item>
			
				<item>
					<stationName>시화산단</stationName>
					<addr>경기 시흥시 정왕동 시화공단 시화공단 2다 401(시화지원센터)시화지원센터</addr>
					<tm>1.5</tm>
				</item>
			
				<item>
					<stationName>논현</stationName>
					<addr>인천 남동구 청능대로611번길 54(논현동)근린공원</addr>
					<tm>6.1</tm>
				</item>
			
		</items>
			<numOfRows>10</numOfRows>
			<pageNo>1</pageNo>
			<totalCount>3</totalCount>
	</body>
</response>
