<?xml version="1.0" encoding="UTF-8"?>




<response>
	<header>
		<resultCode>00</resultCode>
		<resultMsg>NORMAL SERVICE.</resultMsg>
	</header>
	<body>
		<items>
			
				<item>
				    <dataTime>2018-04-30</dataTime>
				    
				    
				    
				    
				    <itemCode>PM10</itemCode>
				    
				    
				    <dataGubun>일평균</dataGubun>
				    <seoul>79</seoul>
					<busan>62</busan>
					<daegu>71</daegu>
					<incheon>66</incheon>
					<gwangju>57</gwangju>
					<daejeon>71</daejeon>
					<ulsan>66</ulsan>
					<gyeonggi>80</gyeonggi>
					<gangwon>64</gangwon>
					<chungbuk>71</chungbuk>
					<chungnam>68</chungnam>
					<jeonbuk>63</jeonbuk>
					<jeonnam>54</jeonnam>
					<gyeongbuk>74</gyeongbuk>
					<gyeongnam>65</gyeongnam>
					<jeju>40</jeju>
					<sejong>65</sejong>
				</item>
			
				<item>
				    <dataTime>2018-04-29</dataTime>
				    
				    
				    
				    
				    <itemCode>PM10</itemCode>
				    
				    
				    <dataGubun>일평균</dataGubun>
				    <seoul>54</seoul>
					<busan>76</busan>
					<daegu>52</daegu>
					<incheon>55</incheon>
					<gwangju>58</gwangju>
					<daejeon>46</daejeon>
					<ulsan>72</ulsan>
					<gyeonggi>57</gyeonggi>
					<gangwon>47</gangwon>
					<chungbuk>46</chungbuk>
					<chungnam>45</chungnam>
					<jeonbuk>51</jeonbuk>
					<jeonnam>58</jeonnam>
					<gyeongbuk>51</gyeongbuk>
					<gyeongnam>73</gyeongnam>
					<jeju>94</jeju>
					<sejong>44</sejong>
				</item>
			
				<item>
				    <dataTime>2018-04-28</dataTime>
				    
				    
				    
				    
				    <itemCode>PM10</itemCode>
				    
				    
				    <dataGubun>일평균</dataGubun>
				    <seoul>59</seoul>
					<busan>57</busan>
					<daegu>55</daegu>
					<incheon>56</incheon>
					<gwangju>64</gwangju>
					<daejeon>61</daejeon>
					<ulsan>60</ulsan>
					<gyeonggi>63</gyeonggi>
					<gangwon>59</gangwon>
					<chungbuk>69</chungbuk>
					<chungnam>56</chungnam>
					<jeonbuk>57</jeonbuk>
					<jeonnam>55</jeonnam>
					<gyeongbuk>56</gyeongbuk>
					<gyeongnam>60</gyeongnam>
					<jeju>82</jeju>
					<sejong>50</sejong>
				</item>
			
				<item>
				    <dataTime>2018-04-27</dataTime>
				    
				    
				    
				    
				    <itemCode>PM10</itemCode>
				    
				    
				    <dataGubun>일평균</dataGubun>
				    <seoul>57</seoul>
					<busan>58</busan>
					<daegu>49</daegu>
					<incheon>50</incheon>
					<gwangju>54</gwangju>
					<daejeon>57</daejeon>
					<ulsan>56</ulsan>
					<gyeonggi>60</gyeonggi>
					<gangwon>52</gangwon>
					<chungbuk>59</chungbuk>
					<chungnam>50</chungnam>
					<jeonbuk>55</jeonbuk>
					<jeonnam>42</jeonnam>
					<gyeongbuk>57</gyeongbuk>
					<gyeongnam>57</gyeongnam>
					<jeju>41</jeju>
					<sejong>51</sejong>
				</item>
			
				<item>
				    <dataTime>2018-04-26</dataTime>
				    
				    
				    
				    
				    <itemCode>PM10</itemCode>
				    
				    
				    <dataGubun>일평균</dataGubun>
				    <seoul>44</seoul>
					<busan>57</busan>
					<daegu>53</daegu>
					<incheon>44</incheon>
					<gwangju>37</gwangju>
					<daejeon>49</daejeon>
					<ulsan>62</ulsan>
					<gyeonggi>48</gyeonggi>
					<gangwon>46</gangwon>
					<chungbuk>54</chungbuk>
					<chungnam>43</chungnam>
					<jeonbuk>44</jeonbuk>
					<jeonnam>32</jeonnam>
					<gyeongbuk>53</gyeongbuk>
					<gyeongnam>53</gyeongnam>
					<jeju>25</jeju>
					<sejong>45</sejong>
				</item>
			
				<item>
				    <dataTime>2018-04-25</dataTime>
				    
				    
				    
				    
				    <itemCode>PM10</itemCode>
				    
				    
				    <dataGubun>일평균</dataGubun>
				    <seoul>35</seoul>
					<busan>36</busan>
					<daegu>33</daegu>
					<incheon>32</incheon>
					<gwangju>21</gwangju>
					<daejeon>35</daejeon>
					<ulsan>34</ulsan>
					<gyeonggi>38</gyeonggi>
					<gangwon>34</gangwon>
					<chungbuk>35</chungbuk>
					<chungnam>34</chungnam>
					<jeonbuk>30</jeonbuk>
					<jeonnam>20</jeonnam>
					<gyeongbuk>35</gyeongbuk>
					<gyeongnam>35</gyeongnam>
					<jeju>24</jeju>
					<sejong>34</sejong>
				</item>
			
				<item>
				    <dataTime>2018-04-24</dataTime>
				    
				    
				    
				    
				    <itemCode>PM10</itemCode>
				    
				    
				    <dataGubun>일평균</dataGubun>
				    <seoul>10</seoul>
					<busan>16</busan>
					<daegu>11</daegu>
					<incheon>12</incheon>
					<gwangju>10</gwangju>
					<daejeon>15</daejeon>
					<ulsan>12</ulsan>
					<gyeonggi>11</gyeonggi>
					<gangwon>11</gangwon>
					<chungbuk>10</chungbuk>
					<chungnam>11</chungnam>
					<jeonbuk>11</jeonbuk>
					<jeonnam>8</jeonnam>
					<gyeongbuk>15</gyeongbuk>
					<gyeongnam>14</gyeongnam>
					<jeju>15</jeju>
					<sejong>13</sejong>
				</item>
			
				<item>
				    <dataTime>2018-04-23</dataTime>
				    
				    
				    
				    
				    <itemCode>PM10</itemCode>
				    
				    
				    <dataGubun>일평균</dataGubun>
				    <seoul>9</seoul>
					<busan>27</busan>
					<daegu>18</daegu>
					<incheon>12</incheon>
					<gwangju>17</gwangju>
					<daejeon>26</daejeon>
					<ulsan>23</ulsan>
					<gyeonggi>13</gyeonggi>
					<gangwon>12</gangwon>
					<chungbuk>20</chungbuk>
					<chungnam>20</chungnam>
					<jeonbuk>20</jeonbuk>
					<jeonnam>17</jeonnam>
					<gyeongbuk>26</gyeongbuk>
					<gyeongnam>28</gyeongnam>
					<jeju>21</jeju>
					<sejong>23</sejong>
				</item>
			
				<item>
				    <dataTime>2018-04-22</dataTime>
				    
				    
				    
				    
				    <itemCode>PM10</itemCode>
				    
				    
				    <dataGubun>일평균</dataGubun>
				    <seoul>38</seoul>
					<busan>58</busan>
					<daegu>56</daegu>
					<incheon>40</incheon>
					<gwangju>38</gwangju>
					<daejeon>47</daejeon>
					<ulsan>58</ulsan>
					<gyeonggi>42</gyeonggi>
					<gangwon>46</gangwon>
					<chungbuk>43</chungbuk>
					<chungnam>38</chungnam>
					<jeonbuk>39</jeonbuk>
					<jeonnam>45</jeonnam>
					<gyeongbuk>58</gyeongbuk>
					<gyeongnam>59</gyeongnam>
					<jeju>32</jeju>
					<sejong>44</sejong>
				</item>
			
				<item>
				    <dataTime>2018-04-21</dataTime>
				    
				    
				    
				    
				    <itemCode>PM10</itemCode>
				    
				    
				    <dataGubun>일평균</dataGubun>
				    <seoul>72</seoul>
					<busan>82</busan>
					<daegu>78</daegu>
					<incheon>64</incheon>
					<gwangju>59</gwangju>
					<daejeon>67</daejeon>
					<ulsan>92</ulsan>
					<gyeonggi>79</gyeonggi>
					<gangwon>83</gangwon>
					<chungbuk>78</chungbuk>
					<chungnam>64</chungnam>
					<jeonbuk>72</jeonbuk>
					<jeonnam>55</jeonnam>
					<gyeongbuk>88</gyeongbuk>
					<gyeongnam>72</gyeongnam>
					<jeju>43</jeju>
					<sejong>61</sejong>
				</item>
			
		</items>
		<numOfRows>10</numOfRows>
        <pageNo>1</pageNo>
        <totalCount>30</totalCount>
	</body>
</response>
