<?xml version="1.0" encoding="UTF-8"?>




<response>
	<header>
		<resultCode>00</resultCode>
		<resultMsg>NORMAL SERVICE.</resultMsg>
	</header>
	<body>
		<items>
			
				<item>
					<stationName>중구</stationName>
					<addr>서울 중구 덕수궁길 15시청서소문별관 3동</addr>
				</item>
			
				<item>
					<stationName>청계천로</stationName>
					<addr>서울 중구 청계천로 184(청계천4가사거리 남강빌딩 앞)</addr>
				</item>
			
				<item>
					<stationName>종로</stationName>
					<addr>서울 종로구 종로 169(종묘주차장 앞)</addr>
				</item>
			
				<item>
					<stationName>용산구</stationName>
					<addr>서울 용산구 한남대로 136서울특별시중부기술교육원</addr>
				</item>
			
				<item>
					<stationName>광진구</stationName>
					<addr>서울 광진구 광나루로 571구의아리정수센터</addr>
				</item>
			
				<item>
					<stationName>성동구</stationName>
					<addr>서울 성동구 뚝섬로 273서울숲 자전거대여소 옆</addr>
				</item>
			
				<item>
					<stationName>중랑구</stationName>
					<addr>서울 중랑구 용마산로 369건강가정지원센터</addr>
				</item>
			
				<item>
					<stationName>동대문구</stationName>
					<addr>서울 동대문구 천호대로13길 43용두초등학교</addr>
				</item>
			
				<item>
					<stationName>홍릉로</stationName>
					<addr>서울 동대문구 홍릉로 1(청량리전철역 사거리 SC제일은행 앞)</addr>
				</item>
			
				<item>
					<stationName>성북구</stationName>
					<addr>서울 성북구 삼양로2길 70길음2동 주민센터</addr>
				</item>
			
		</items>
			<numOfRows>10</numOfRows>
			<pageNo>1</pageNo>
			<totalCount>192</totalCount>
	</body>
</response>
