<?xml version="1.0" encoding="UTF-8"?>




<response>
	<header>
		<resultCode>00</resultCode>
		<resultMsg>NORMAL SERVICE.</resultMsg>
	</header>
	<body>
		<items>
			
				<item>
					<dataTime>2017-06-20 14:00</dataTime>
					
                        <mangName>도시대기</mangName>
                    
					<so2Value>0.004</so2Value>
					<coValue>0.6</coValue>
					<o3Value>0.082</o3Value>
					<no2Value>0.042</no2Value>
					<pm10Value>47</pm10Value>
					
                        <pm10Value24>40</pm10Value24>
                    
					
                        <pm25Value>36</pm25Value>
                    
                    
                        <pm25Value24>26</pm25Value24>
                    
					<khaiValue>93</khaiValue>
					<khaiGrade>2</khaiGrade>
					<so2Grade>1</so2Grade>
					<coGrade>1</coGrade>
					<o3Grade>2</o3Grade>
					<no2Grade>2</no2Grade>
					<pm10Grade>2</pm10Grade>
					
                        <pm25Grade>2</pm25Grade>
                    
                    
                        <pm10Grade1h>2</pm10Grade1h>
                        <pm25Grade1h>2</pm25Grade1h>
                    
				</item>
			
				<item>
					<dataTime>2017-06-20 13:00</dataTime>
					
                        <mangName>도시대기</mangName>
                    
					<so2Value>0.003</so2Value>
					<coValue>0.6</coValue>
					<o3Value>0.080</o3Value>
					<no2Value>0.035</no2Value>
					<pm10Value>45</pm10Value>
					
                        <pm10Value24>38</pm10Value24>
                    
					
                        <pm25Value>36</pm25Value>
                    
                    
                        <pm25Value24>25</pm25Value24>
                    
					<khaiValue>92</khaiValue>
					<khaiGrade>2</khaiGrade>
					<so2Grade>1</so2Grade>
					<coGrade>1</coGrade>
					<o3Grade>2</o3Grade>
					<no2Grade>2</no2Grade>
					<pm10Grade>2</pm10Grade>
					
                        <pm25Grade>2</pm25Grade>
                    
                    
                        <pm10Grade1h>2</pm10Grade1h>
                        <pm25Grade1h>2</pm25Grade1h>
                    
				</item>
			
				<item>
					<dataTime>2017-06-20 12:00</dataTime>
					
                        <mangName>도시대기</mangName>
                    
					<so2Value>0.003</so2Value>
					<coValue>0.5</coValue>
					<o3Value>0.071</o3Value>
					<no2Value>0.029</no2Value>
					<pm10Value>38</pm10Value>
					
                        <pm10Value24>37</pm10Value24>
                    
					
                        <pm25Value>25</pm25Value>
                    
                    
                        <pm25Value24>25</pm25Value24>
                    
					<khaiValue>84</khaiValue>
					<khaiGrade>2</khaiGrade>
					<so2Grade>1</so2Grade>
					<coGrade>1</coGrade>
					<o3Grade>2</o3Grade>
					<no2Grade>1</no2Grade>
					<pm10Grade>2</pm10Grade>
					
                        <pm25Grade>2</pm25Grade>
                    
                    
                        <pm10Grade1h>2</pm10Grade1h>
                        <pm25Grade1h>2</pm25Grade1h>
                    
				</item>
			
				<item>
					<dataTime>2017-06-20 11:00</dataTime>
					
                        <mangName>도시대기</mangName>
                    
					<so2Value>0.003</so2Value>
					<coValue>0.5</coValue>
					<o3Value>0.059</o3Value>
					<no2Value>0.032</no2Value>
					<pm10Value>35</pm10Value>
					
                        <pm10Value24>38</pm10Value24>
                    
					
                        <pm25Value>22</pm25Value>
                    
                    
                        <pm25Value24>25</pm25Value24>
                    
					<khaiValue>74</khaiValue>
					<khaiGrade>2</khaiGrade>
					<so2Grade>1</so2Grade>
					<coGrade>1</coGrade>
					<o3Grade>2</o3Grade>
					<no2Grade>2</no2Grade>
					<pm10Grade>2</pm10Grade>
					
                        <pm25Grade>2</pm25Grade>
                    
                    
                        <pm10Grade1h>2</pm10Grade1h>
                        <pm25Grade1h>2</pm25Grade1h>
                    
				</item>
			
				<item>
					<dataTime>2017-06-20 10:00</dataTime>
					
                        <mangName>도시대기</mangName>
                    
					<so2Value>0.004</so2Value>
					<coValue>0.5</coValue>
					<o3Value>0.040</o3Value>
					<no2Value>0.041</no2Value>
					<pm10Value>40</pm10Value>
					
                        <pm10Value24>38</pm10Value24>
                    
					
                        <pm25Value>26</pm25Value>
                    
                    
                        <pm25Value24>25</pm25Value24>
                    
					<khaiValue>68</khaiValue>
					<khaiGrade>2</khaiGrade>
					<so2Grade>1</so2Grade>
					<coGrade>1</coGrade>
					<o3Grade>2</o3Grade>
					<no2Grade>2</no2Grade>
					<pm10Grade>2</pm10Grade>
					
                        <pm25Grade>2</pm25Grade>
                    
                    
                        <pm10Grade1h>2</pm10Grade1h>
                        <pm25Grade1h>2</pm25Grade1h>
                    
				</item>
			
				<item>
					<dataTime>2017-06-20 09:00</dataTime>
					
                        <mangName>도시대기</mangName>
                    
					<so2Value>0.004</so2Value>
					<coValue>0.5</coValue>
					<o3Value>0.032</o3Value>
					<no2Value>0.042</no2Value>
					<pm10Value>42</pm10Value>
					
                        <pm10Value24>37</pm10Value24>
                    
					
                        <pm25Value>29</pm25Value>
                    
                    
                        <pm25Value24>25</pm25Value24>
                    
					<khaiValue>70</khaiValue>
					<khaiGrade>2</khaiGrade>
					<so2Grade>1</so2Grade>
					<coGrade>1</coGrade>
					<o3Grade>2</o3Grade>
					<no2Grade>2</no2Grade>
					<pm10Grade>2</pm10Grade>
					
                        <pm25Grade>2</pm25Grade>
                    
                    
                        <pm10Grade1h>2</pm10Grade1h>
                        <pm25Grade1h>2</pm25Grade1h>
                    
				</item>
			
				<item>
					<dataTime>2017-06-20 08:00</dataTime>
					
                        <mangName>도시대기</mangName>
                    
					<so2Value>0.003</so2Value>
					<coValue>0.5</coValue>
					<o3Value>0.013</o3Value>
					<no2Value>0.051</no2Value>
					<pm10Value>40</pm10Value>
					
                        <pm10Value24>35</pm10Value24>
                    
					
                        <pm25Value>26</pm25Value>
                    
                    
                        <pm25Value24>23</pm25Value24>
                    
					<khaiValue>85</khaiValue>
					<khaiGrade>2</khaiGrade>
					<so2Grade>1</so2Grade>
					<coGrade>1</coGrade>
					<o3Grade>1</o3Grade>
					<no2Grade>2</no2Grade>
					<pm10Grade>2</pm10Grade>
					
                        <pm25Grade>2</pm25Grade>
                    
                    
                        <pm10Grade1h>2</pm10Grade1h>
                        <pm25Grade1h>2</pm25Grade1h>
                    
				</item>
			
				<item>
					<dataTime>2017-06-20 07:00</dataTime>
					
                        <mangName>도시대기</mangName>
                    
					<so2Value>0.003</so2Value>
					<coValue>0.5</coValue>
					<o3Value>0.008</o3Value>
					<no2Value>0.049</no2Value>
					<pm10Value>38</pm10Value>
					
                        <pm10Value24>34</pm10Value24>
                    
					
                        <pm25Value>24</pm25Value>
                    
                    
                        <pm25Value24>23</pm25Value24>
                    
					<khaiValue>81</khaiValue>
					<khaiGrade>2</khaiGrade>
					<so2Grade>1</so2Grade>
					<coGrade>1</coGrade>
					<o3Grade>1</o3Grade>
					<no2Grade>2</no2Grade>
					<pm10Grade>2</pm10Grade>
					
                        <pm25Grade>2</pm25Grade>
                    
                    
                        <pm10Grade1h>2</pm10Grade1h>
                        <pm25Grade1h>2</pm25Grade1h>
                    
				</item>
			
				<item>
					<dataTime>2017-06-20 06:00</dataTime>
					
                        <mangName>도시대기</mangName>
                    
					<so2Value>0.003</so2Value>
					<coValue>0.5</coValue>
					<o3Value>0.009</o3Value>
					<no2Value>0.043</no2Value>
					<pm10Value>33</pm10Value>
					
                        <pm10Value24>34</pm10Value24>
                    
					
                        <pm25Value>24</pm25Value>
                    
                    
                        <pm25Value24>22</pm25Value24>
                    
					<khaiValue>71</khaiValue>
					<khaiGrade>2</khaiGrade>
					<so2Grade>1</so2Grade>
					<coGrade>1</coGrade>
					<o3Grade>1</o3Grade>
					<no2Grade>2</no2Grade>
					<pm10Grade>2</pm10Grade>
					
                        <pm25Grade>2</pm25Grade>
                    
                    
                        <pm10Grade1h>2</pm10Grade1h>
                        <pm25Grade1h>2</pm25Grade1h>
                    
				</item>
			
				<item>
					<dataTime>2017-06-20 05:00</dataTime>
					
                        <mangName>도시대기</mangName>
                    
					<so2Value>0.003</so2Value>
					<coValue>0.5</coValue>
					<o3Value>0.016</o3Value>
					<no2Value>0.036</no2Value>
					<pm10Value>32</pm10Value>
					
                        <pm10Value24>34</pm10Value24>
                    
					
                        <pm25Value>22</pm25Value>
                    
                    
                        <pm25Value24>22</pm25Value24>
                    
					<khaiValue>60</khaiValue>
					<khaiGrade>2</khaiGrade>
					<so2Grade>1</so2Grade>
					<coGrade>1</coGrade>
					<o3Grade>1</o3Grade>
					<no2Grade>2</no2Grade>
					<pm10Grade>2</pm10Grade>
					
                        <pm25Grade>2</pm25Grade>
                    
                    
                        <pm10Grade1h>2</pm10Grade1h>
                        <pm25Grade1h>2</pm25Grade1h>
                    
				</item>
			
		</items>
			<numOfRows>10</numOfRows>
			<pageNo>1</pageNo>
			<totalCount>735</totalCount>
	</body>
</response>
