<?xml version="1.0" encoding="UTF-8"?>





<response>
	<header>
		<resultCode>00</resultCode>
		<resultMsg>NORMAL SERVICE.</resultMsg>
	</header>
	<body>
		<items>
			
				<item>
					<dataTime>2018-05-01 11시 발표</dataTime>
					<informCode>PM10</informCode>
					<informOverall>○ [미세먼지] 서울·경기도·강원영서·세종·충북·울산은 ‘나쁨’, 그 밖의 권역은 ‘보통’으로 예상됨. 다만, 그 밖의 권역(호남권·제주권 제외)에서 오후에 ‘나쁨’ 수준의 농도가 나타날 수 있음(서울·경기도 : 오후-일시적 ‘나쁨’).</informOverall>
					<informCause>○ [미세먼지] 대기정체로 대부분 지역의 농도가 높겠으나, 늦은 오후부터 대기확산이 원활해지면서 점차 ‘보통’ 수준을 나타낼 것으로 예상됨.</informCause>
					<informGrade>서울 : 보통,제주 : 좋음,전남 : 보통,전북 : 보통,광주 : 보통,경남 : 보통,경북 : 보통,울산 : 보통,대구 : 보통,부산 : 보통,충남 : 보통,충북 : 보통,세종 : 보통,대전 : 보통,영동 : 보통,영서 : 보통,경기남부 : 보통,경기북부 : 보통,인천 : 보통</informGrade>
					<actionKnack></actionKnack>
					
                        
                        
                            
                                
                                    <imageUrl1>http://www.airkorea.or.kr/file/viewImage/?atch_id=82357</imageUrl1>
                                    <imageUrl2>http://www.airkorea.or.kr/file/viewImage/?atch_id=82358</imageUrl2>
                                    <imageUrl3>http://www.airkorea.or.kr/file/viewImage/?atch_id=82359</imageUrl3>
                                    <imageUrl4>http://www.airkorea.or.kr/file/viewImage/?atch_id=82360</imageUrl4>
                                    <imageUrl5>http://www.airkorea.or.kr/file/viewImage/?atch_id=82361</imageUrl5>
                                    <imageUrl6>http://www.airkorea.or.kr/file/viewImage/?atch_id=82362</imageUrl6>
                                    
                                
                                
                                
                            
                        
                        
                        
                        
                    
					
					<informData>2018-05-01</informData>
				</item>
			
				<item>
					<dataTime>2018-05-01 11시 발표</dataTime>
					<informCode>PM10</informCode>
					<informOverall>○ [미세먼지] 전 권역이 ‘좋음’～‘보통’으로 예상됨.</informOverall>
					<informCause>○ [미세먼지] 강수와 원활한 대기확산으로 대체로 청정한 대기상태를 나타낼 것으로 예상됨.</informCause>
					<informGrade>서울 : 보통,제주 : 좋음,전남 : 좋음,전북 : 좋음,광주 : 좋음,경남 : 좋음,경북 : 좋음,울산 : 좋음,대구 : 좋음,부산 : 좋음,충남 : 좋음,충북 : 좋음,세종 : 좋음,대전 : 좋음,영동 : 좋음,영서 : 좋음,경기남부 : 보통,경기북부 : 보통,인천 : 보통</informGrade>
					<actionKnack></actionKnack>
					
                        
                        
                            
                                
                                
                                    <imageUrl1>http://www.airkorea.or.kr/file/viewImage/?atch_id=82363</imageUrl1>
                                    <imageUrl2>http://www.airkorea.or.kr/file/viewImage/?atch_id=82364</imageUrl2>
                                    <imageUrl3>http://www.airkorea.or.kr/file/viewImage/?atch_id=82365</imageUrl3>
                                    <imageUrl4>http://www.airkorea.or.kr/file/viewImage/?atch_id=82366</imageUrl4>
                                    <imageUrl5>http://www.airkorea.or.kr/file/viewImage/?atch_id=82367</imageUrl5>
                                    <imageUrl6>http://www.airkorea.or.kr/file/viewImage/?atch_id=82368</imageUrl6>
                                    
                                
                                
                            
                        
                        
                        
                        
                    
					
					<informData>2018-05-02</informData>
				</item>
			
				<item>
					<dataTime>2018-05-01 11시 발표</dataTime>
					<informCode>PM10</informCode>
					<informOverall>○ [미세먼지] 모레 예보는 17시에 발표됩니다.</informOverall>
					<informCause></informCause>
					<informGrade>서울 : 예보없음,제주 : 예보없음,전남 : 예보없음,전북 : 예보없음,광주 : 예보없음,경남 : 예보없음,경북 : 예보없음,울산 : 예보없음,대구 : 예보없음,부산 : 예보없음,충남 : 예보없음,충북 : 예보없음,세종 : 예보없음,대전 : 예보없음,영동 : 예보없음,영서 : 예보없음,경기남부 : 예보없음,경기북부 : 예보없음,인천 : 예보없음</informGrade>
					<actionKnack></actionKnack>
					
                        
                        
                            
                                
                                
                                
                                    <imageUrl1></imageUrl1>
                                    <imageUrl2></imageUrl2>
                                    <imageUrl3></imageUrl3>
                                    <imageUrl4></imageUrl4>
                                    <imageUrl5></imageUrl5>
                                    <imageUrl6></imageUrl6>
                                    
                                
                            
                        
                        
                        
                        
                    
					
					<informData>2018-05-03</informData>
				</item>
			
				<item>
					<dataTime>2018-05-01 11시 발표</dataTime>
					<informCode>PM25</informCode>
					<informOverall>○ [미세먼지] 서울·경기도·강원영서·세종·충북·울산은 ‘나쁨’, 그 밖의 권역은 ‘보통’으로 예상됨. 다만, 그 밖의 권역(호남권·제주권 제외)에서 오후에 ‘나쁨’ 수준의 농도가 나타날 수 있음(서울·경기도 : 오후-일시적 ‘나쁨’).</informOverall>
					<informCause>○ [미세먼지] 대기정체로 대부분 지역의 농도가 높겠으나, 늦은 오후부터 대기확산이 원활해지면서 점차 ‘보통’ 수준을 나타낼 것으로 예상됨.</informCause>
					<informGrade>서울 : 나쁨,제주 : 보통,전남 : 보통,전북 : 보통,광주 : 보통,경남 : 보통,경북 : 보통,울산 : 나쁨,대구 : 보통,부산 : 보통,충남 : 보통,충북 : 나쁨,세종 : 나쁨,대전 : 보통,영동 : 보통,영서 : 나쁨,경기남부 : 나쁨,경기북부 : 나쁨,인천 : 보통</informGrade>
					<actionKnack></actionKnack>
					
                        
                        
                            
                                
                                    <imageUrl1>http://www.airkorea.or.kr/file/viewImage/?atch_id=82357</imageUrl1>
                                    <imageUrl2>http://www.airkorea.or.kr/file/viewImage/?atch_id=82358</imageUrl2>
                                    <imageUrl3>http://www.airkorea.or.kr/file/viewImage/?atch_id=82359</imageUrl3>
                                    <imageUrl4>http://www.airkorea.or.kr/file/viewImage/?atch_id=82360</imageUrl4>
                                    <imageUrl5>http://www.airkorea.or.kr/file/viewImage/?atch_id=82361</imageUrl5>
                                    <imageUrl6>http://www.airkorea.or.kr/file/viewImage/?atch_id=82362</imageUrl6>
                                    
                                
                                
                                
                            
                        
                        
                        
                        
                    
					
					<informData>2018-05-01</informData>
				</item>
			
				<item>
					<dataTime>2018-05-01 11시 발표</dataTime>
					<informCode>PM25</informCode>
					<informOverall>○ [미세먼지] 전 권역이 ‘좋음’～‘보통’으로 예상됨.</informOverall>
					<informCause>○ [미세먼지] 강수와 원활한 대기확산으로 대체로 청정한 대기상태를 나타낼 것으로 예상됨.</informCause>
					<informGrade>서울 : 보통,제주 : 좋음,전남 : 좋음,전북 : 좋음,광주 : 좋음,경남 : 좋음,경북 : 좋음,울산 : 좋음,대구 : 좋음,부산 : 좋음,충남 : 좋음,충북 : 좋음,세종 : 좋음,대전 : 좋음,영동 : 좋음,영서 : 좋음,경기남부 : 보통,경기북부 : 보통,인천 : 보통</informGrade>
					<actionKnack></actionKnack>
					
                        
                        
                            
                                
                                
                                    <imageUrl1>http://www.airkorea.or.kr/file/viewImage/?atch_id=82363</imageUrl1>
                                    <imageUrl2>http://www.airkorea.or.kr/file/viewImage/?atch_id=82364</imageUrl2>
                                    <imageUrl3>http://www.airkorea.or.kr/file/viewImage/?atch_id=82365</imageUrl3>
                                    <imageUrl4>http://www.airkorea.or.kr/file/viewImage/?atch_id=82366</imageUrl4>
                                    <imageUrl5>http://www.airkorea.or.kr/file/viewImage/?atch_id=82367</imageUrl5>
                                    <imageUrl6>http://www.airkorea.or.kr/file/viewImage/?atch_id=82368</imageUrl6>
                                    
                                
                                
                            
                        
                        
                        
                        
                    
					
					<informData>2018-05-02</informData>
				</item>
			
				<item>
					<dataTime>2018-05-01 11시 발표</dataTime>
					<informCode>PM25</informCode>
					<informOverall>○ [미세먼지] 모레 예보는 17시에 발표됩니다.</informOverall>
					<informCause></informCause>
					<informGrade>서울 : 예보없음,제주 : 예보없음,전남 : 예보없음,전북 : 예보없음,광주 : 예보없음,경남 : 예보없음,경북 : 예보없음,울산 : 예보없음,대구 : 예보없음,부산 : 예보없음,충남 : 예보없음,충북 : 예보없음,세종 : 예보없음,대전 : 예보없음,영동 : 예보없음,영서 : 예보없음,경기남부 : 예보없음,경기북부 : 예보없음,인천 : 예보없음</informGrade>
					<actionKnack></actionKnack>
					
                        
                        
                            
                                
                                
                                
                                    <imageUrl1></imageUrl1>
                                    <imageUrl2></imageUrl2>
                                    <imageUrl3></imageUrl3>
                                    <imageUrl4></imageUrl4>
                                    <imageUrl5></imageUrl5>
                                    <imageUrl6></imageUrl6>
                                    
                                
                            
                        
                        
                        
                        
                    
					
					<informData>2018-05-03</informData>
				</item>
			
				<item>
					<dataTime>2018-05-01 11시 발표</dataTime>
					<informCode>O3</informCode>
					<informOverall>○ [오존] 전 권역이 ‘보통’으로 예상됨.</informOverall>
					<informCause>○ [오존] 고농도 오존 생성에 유리한 조건이 형성되지 않아 농도가 높지 않을 것으로 예상됨.</informCause>
					<informGrade>서울 : 보통,제주 : 보통,전남 : 보통,전북 : 보통,광주 : 보통,경남 : 보통,경북 : 보통,울산 : 보통,대구 : 보통,부산 : 보통,충남 : 보통,충북 : 보통,세종 : 보통,대전 : 보통,영동 : 보통,영서 : 보통,경기남부 : 보통,경기북부 : 보통,인천 : 보통</informGrade>
					<actionKnack></actionKnack>
					
                        
                        
                            
                                
                                    <imageUrl1>http://www.airkorea.or.kr/file/viewImage/?atch_id=82369</imageUrl1>
                                    <imageUrl2>http://www.airkorea.or.kr/file/viewImage/?atch_id=82370</imageUrl2>
                                    <imageUrl3>http://www.airkorea.or.kr/file/viewImage/?atch_id=82371</imageUrl3>
                                    <imageUrl4>http://www.airkorea.or.kr/file/viewImage/?atch_id=82372</imageUrl4>
                                    <imageUrl5>http://www.airkorea.or.kr/file/viewImage/?atch_id=82373</imageUrl5>
                                    <imageUrl6>http://www.airkorea.or.kr/file/viewImage/?atch_id=82374</imageUrl6>
                                    
                                
                                
                                
                            
                        
                        
                        
                        
                    
					
					<informData>2018-05-01</informData>
				</item>
			
				<item>
					<dataTime>2018-05-01 11시 발표</dataTime>
					<informCode>O3</informCode>
					<informOverall>○ [오존] 전 권역의 농도가 전일과 비슷하거나 다소 낮을 것으로 예상됨.</informOverall>
					<informCause></informCause>
					<informGrade>서울 : 예보없음,제주 : 예보없음,전남 : 예보없음,전북 : 예보없음,광주 : 예보없음,경남 : 예보없음,경북 : 예보없음,울산 : 예보없음,대구 : 예보없음,부산 : 예보없음,충남 : 예보없음,충북 : 예보없음,세종 : 예보없음,대전 : 예보없음,영동 : 예보없음,영서 : 예보없음,경기남부 : 예보없음,경기북부 : 예보없음,인천 : 예보없음</informGrade>
					<actionKnack></actionKnack>
					
                        
                        
                            
                                
                                
                                    <imageUrl1>http://www.airkorea.or.kr/file/viewImage/?atch_id=82369</imageUrl1>
                                    <imageUrl2>http://www.airkorea.or.kr/file/viewImage/?atch_id=82370</imageUrl2>
                                    <imageUrl3>http://www.airkorea.or.kr/file/viewImage/?atch_id=82371</imageUrl3>
                                    <imageUrl4>http://www.airkorea.or.kr/file/viewImage/?atch_id=82372</imageUrl4>
                                    <imageUrl5>http://www.airkorea.or.kr/file/viewImage/?atch_id=82373</imageUrl5>
                                    <imageUrl6>http://www.airkorea.or.kr/file/viewImage/?atch_id=82374</imageUrl6>
                                    
                                
                                
                            
                        
                        
                        
                        
                    
					
					<informData>2018-05-02</informData>
				</item>
			
				<item>
					<dataTime>2018-05-01 11시 발표</dataTime>
					<informCode>O3</informCode>
					<informOverall>○ [오존] 전 권역의 농도가 전일과 비슷하거나 다소 낮을 것으로 예상됨.</informOverall>
					<informCause></informCause>
					<informGrade>서울 : 예보없음,제주 : 예보없음,전남 : 예보없음,전북 : 예보없음,광주 : 예보없음,경남 : 예보없음,경북 : 예보없음,울산 : 예보없음,대구 : 예보없음,부산 : 예보없음,충남 : 예보없음,충북 : 예보없음,세종 : 예보없음,대전 : 예보없음,영동 : 예보없음,영서 : 예보없음,경기남부 : 예보없음,경기북부 : 예보없음,인천 : 예보없음</informGrade>
					<actionKnack></actionKnack>
					
                        
                        
                            
                                
                                
                                
                                    <imageUrl1></imageUrl1>
                                    <imageUrl2></imageUrl2>
                                    <imageUrl3></imageUrl3>
                                    <imageUrl4></imageUrl4>
                                    <imageUrl5></imageUrl5>
                                    <imageUrl6></imageUrl6>
                                    
                                
                            
                        
                        
                        
                        
                    
					
					<informData>2018-05-03</informData>
				</item>
			
				<item>
					<dataTime>2018-05-01 05시 발표</dataTime>
					<informCode>PM10</informCode>
					<informOverall>○ [미세먼지] 서울·경기도·강원영서·세종·충북은 ‘나쁨’, 그 밖의 권역은 ‘보통’으로 예상됨. 다만, 그 밖의 권역(제주권 제외)에서 오전에 ‘나쁨’ 수준의 농도가 나타날 수 있음(서울·경기도 : 오전-‘나쁨’, 오후-일시적 ‘나쁨’).</informOverall>
					<informCause>○ [미세먼지] 대기정체로 대부분 지역에서 오전에 농도가 높다가 오후 들어 대기확산이 원활해지면서 점차 ‘보통’ 수준을 나타낼 것으로 예상됨.</informCause>
					<informGrade>서울 : 보통,제주 : 좋음,전남 : 좋음,전북 : 보통,광주 : 보통,경남 : 보통,경북 : 보통,울산 : 보통,대구 : 보통,부산 : 보통,충남 : 보통,충북 : 보통,세종 : 보통,대전 : 보통,영동 : 보통,영서 : 보통,경기남부 : 보통,경기북부 : 보통,인천 : 보통</informGrade>
					<actionKnack></actionKnack>
					
                        
	                        
		                        
		                            <imageUrl1>http://www.airkorea.or.kr/file/viewImage/?atch_id=82339</imageUrl1>
		                            <imageUrl2>http://www.airkorea.or.kr/file/viewImage/?atch_id=82340</imageUrl2>
				                    <imageUrl3>http://www.airkorea.or.kr/file/viewImage/?atch_id=82341</imageUrl3>
				                    <imageUrl4>http://www.airkorea.or.kr/file/viewImage/?atch_id=82342</imageUrl4>
				                    <imageUrl5>http://www.airkorea.or.kr/file/viewImage/?atch_id=82343</imageUrl5>
				                    <imageUrl6>http://www.airkorea.or.kr/file/viewImage/?atch_id=82344</imageUrl6>
				                    
		                        
		                        
		                        
		                    
                        
                        
                        
                        
                        
                    
					
					<informData>2018-05-01</informData>
				</item>
			
				<item>
					<dataTime>2018-05-01 05시 발표</dataTime>
					<informCode>PM10</informCode>
					<informOverall>○ [미세먼지] 전 권역이 ‘좋음’~‘보통’으로 예상됨. </informOverall>
					<informCause>○ [미세먼지] 강수와 원활한 대기확산으로 대체로 청정한 대기상태를 나타낼 것으로 예상됨.</informCause>
					<informGrade>서울 : 보통,제주 : 좋음,전남 : 좋음,전북 : 좋음,광주 : 좋음,경남 : 좋음,경북 : 좋음,울산 : 좋음,대구 : 좋음,부산 : 좋음,충남 : 좋음,충북 : 좋음,세종 : 좋음,대전 : 좋음,영동 : 좋음,영서 : 좋음,경기남부 : 보통,경기북부 : 보통,인천 : 보통</informGrade>
					<actionKnack></actionKnack>
					
                        
	                        
		                        
		                        
		                            <imageUrl1>http://www.airkorea.or.kr/file/viewImage/?atch_id=82345</imageUrl1>
                                    <imageUrl2>http://www.airkorea.or.kr/file/viewImage/?atch_id=82346</imageUrl2>
                                    <imageUrl3>http://www.airkorea.or.kr/file/viewImage/?atch_id=82347</imageUrl3>
                                    <imageUrl4>http://www.airkorea.or.kr/file/viewImage/?atch_id=82348</imageUrl4>
                                    <imageUrl5>http://www.airkorea.or.kr/file/viewImage/?atch_id=82349</imageUrl5>
                                    <imageUrl6>http://www.airkorea.or.kr/file/viewImage/?atch_id=82350</imageUrl6>
                                    
		                        
		                        
		                    
                        
                        
                        
                        
                        
                    
					
					<informData>2018-05-02</informData>
				</item>
			
				<item>
					<dataTime>2018-05-01 05시 발표</dataTime>
					<informCode>PM10</informCode>
					<informOverall>○ [미세먼지] 모레 예보는 17시에 발표됩니다.
</informOverall>
					<informCause></informCause>
					<informGrade>서울 : 예보없음,제주 : 예보없음,전남 : 예보없음,전북 : 예보없음,광주 : 예보없음,경남 : 예보없음,경북 : 예보없음,울산 : 예보없음,대구 : 예보없음,부산 : 예보없음,충남 : 예보없음,충북 : 예보없음,세종 : 예보없음,대전 : 예보없음,영동 : 예보없음,영서 : 예보없음,경기남부 : 예보없음,경기북부 : 예보없음,인천 : 예보없음</informGrade>
					<actionKnack></actionKnack>
					
                        
	                        
		                        
		                        
		                        
		                            <imageUrl1></imageUrl1>
                                    <imageUrl2></imageUrl2>
                                    <imageUrl3></imageUrl3>
                                    <imageUrl4></imageUrl4>
                                    <imageUrl5></imageUrl5>
                                    <imageUrl6></imageUrl6>
                                    
		                        
		                    
                        
                        
                        
                        
                        
                    
					
					<informData>2018-05-03</informData>
				</item>
			
				<item>
					<dataTime>2018-05-01 05시 발표</dataTime>
					<informCode>PM25</informCode>
					<informOverall>○ [미세먼지] 서울·경기도·강원영서·세종·충북은 ‘나쁨’, 그 밖의 권역은 ‘보통’으로 예상됨. 다만, 그 밖의 권역(제주권 제외)에서 오전에 ‘나쁨’ 수준의 농도가 나타날 수 있음(서울·경기도 : 오전-‘나쁨’, 오후-일시적 ‘나쁨’).</informOverall>
					<informCause>○ [미세먼지] 대기정체로 대부분 지역에서 오전에 농도가 높다가 오후 들어 대기확산이 원활해지면서 점차 ‘보통’ 수준을 나타낼 것으로 예상됨.</informCause>
					<informGrade>서울 : 나쁨,제주 : 보통,전남 : 보통,전북 : 보통,광주 : 보통,경남 : 보통,경북 : 보통,울산 : 보통,대구 : 보통,부산 : 보통,충남 : 보통,충북 : 나쁨,세종 : 나쁨,대전 : 보통,영동 : 보통,영서 : 나쁨,경기남부 : 나쁨,경기북부 : 나쁨,인천 : 보통</informGrade>
					<actionKnack></actionKnack>
					
                        
	                        
		                        
		                            <imageUrl1>http://www.airkorea.or.kr/file/viewImage/?atch_id=82339</imageUrl1>
		                            <imageUrl2>http://www.airkorea.or.kr/file/viewImage/?atch_id=82340</imageUrl2>
				                    <imageUrl3>http://www.airkorea.or.kr/file/viewImage/?atch_id=82341</imageUrl3>
				                    <imageUrl4>http://www.airkorea.or.kr/file/viewImage/?atch_id=82342</imageUrl4>
				                    <imageUrl5>http://www.airkorea.or.kr/file/viewImage/?atch_id=82343</imageUrl5>
				                    <imageUrl6>http://www.airkorea.or.kr/file/viewImage/?atch_id=82344</imageUrl6>
				                    
		                        
		                        
		                        
		                    
                        
                        
                        
                        
                        
                    
					
					<informData>2018-05-01</informData>
				</item>
			
				<item>
					<dataTime>2018-05-01 05시 발표</dataTime>
					<informCode>PM25</informCode>
					<informOverall>○ [미세먼지] 전 권역이 ‘좋음’~‘보통’으로 예상됨. </informOverall>
					<informCause>○ [미세먼지] 강수와 원활한 대기확산으로 대체로 청정한 대기상태를 나타낼 것으로 예상됨.</informCause>
					<informGrade>서울 : 보통,제주 : 좋음,전남 : 좋음,전북 : 좋음,광주 : 좋음,경남 : 좋음,경북 : 좋음,울산 : 좋음,대구 : 좋음,부산 : 좋음,충남 : 좋음,충북 : 좋음,세종 : 좋음,대전 : 좋음,영동 : 좋음,영서 : 좋음,경기남부 : 보통,경기북부 : 보통,인천 : 보통</informGrade>
					<actionKnack></actionKnack>
					
                        
	                        
		                        
		                        
		                            <imageUrl1>http://www.airkorea.or.kr/file/viewImage/?atch_id=82345</imageUrl1>
                                    <imageUrl2>http://www.airkorea.or.kr/file/viewImage/?atch_id=82346</imageUrl2>
                                    <imageUrl3>http://www.airkorea.or.kr/file/viewImage/?atch_id=82347</imageUrl3>
                                    <imageUrl4>http://www.airkorea.or.kr/file/viewImage/?atch_id=82348</imageUrl4>
                                    <imageUrl5>http://www.airkorea.or.kr/file/viewImage/?atch_id=82349</imageUrl5>
                                    <imageUrl6>http://www.airkorea.or.kr/file/viewImage/?atch_id=82350</imageUrl6>
                                    
		                        
		                        
		                    
                        
                        
                        
                        
                        
                    
					
					<informData>2018-05-02</informData>
				</item>
			
				<item>
					<dataTime>2018-05-01 05시 발표</dataTime>
					<informCode>PM25</informCode>
					<informOverall>○ [미세먼지] 모레 예보는 17시에 발표됩니다.
</informOverall>
					<informCause></informCause>
					<informGrade>서울 : 예보없음,제주 : 예보없음,전남 : 예보없음,전북 : 예보없음,광주 : 예보없음,경남 : 예보없음,경북 : 예보없음,울산 : 예보없음,대구 : 예보없음,부산 : 예보없음,충남 : 예보없음,충북 : 예보없음,세종 : 예보없음,대전 : 예보없음,영동 : 예보없음,영서 : 예보없음,경기남부 : 예보없음,경기북부 : 예보없음,인천 : 예보없음</informGrade>
					<actionKnack></actionKnack>
					
                        
	                        
		                        
		                        
		                        
		                            <imageUrl1></imageUrl1>
                                    <imageUrl2></imageUrl2>
                                    <imageUrl3></imageUrl3>
                                    <imageUrl4></imageUrl4>
                                    <imageUrl5></imageUrl5>
                                    <imageUrl6></imageUrl6>
                                    
		                        
		                    
                        
                        
                        
                        
                        
                    
					
					<informData>2018-05-03</informData>
				</item>
			
				<item>
					<dataTime>2018-05-01 05시 발표</dataTime>
					<informCode>O3</informCode>
					<informOverall>○ [오존] 경기도·강원영서는 ‘나쁨’, 그 밖의 권역은 ‘보통’으로 예상됨.</informOverall>
					<informCause>○ [오존] 대기오염물질의 광화학 반응에 의한 오존 생성과 이동으로 일부 중부지역은 낮에 농도가 높을 것으로 예상됨.</informCause>
					<informGrade>서울 : 보통,제주 : 보통,전남 : 보통,전북 : 보통,광주 : 보통,경남 : 보통,경북 : 보통,울산 : 보통,대구 : 보통,부산 : 보통,충남 : 보통,충북 : 보통,세종 : 보통,대전 : 보통,영동 : 보통,영서 : 나쁨,경기남부 : 나쁨,경기북부 : 나쁨,인천 : 보통</informGrade>
					<actionKnack></actionKnack>
					
                        
	                        
		                        
		                            <imageUrl1>http://www.airkorea.or.kr/file/viewImage/?atch_id=82351</imageUrl1>
		                            <imageUrl2>http://www.airkorea.or.kr/file/viewImage/?atch_id=82352</imageUrl2>
				                    <imageUrl3>http://www.airkorea.or.kr/file/viewImage/?atch_id=82353</imageUrl3>
				                    <imageUrl4>http://www.airkorea.or.kr/file/viewImage/?atch_id=82354</imageUrl4>
				                    <imageUrl5>http://www.airkorea.or.kr/file/viewImage/?atch_id=82355</imageUrl5>
				                    <imageUrl6>http://www.airkorea.or.kr/file/viewImage/?atch_id=82356</imageUrl6>
				                    
		                        
		                        
		                        
		                    
                        
                        
                        
                        
                        
                    
					
					<informData>2018-05-01</informData>
				</item>
			
				<item>
					<dataTime>2018-05-01 05시 발표</dataTime>
					<informCode>O3</informCode>
					<informOverall>○ [오존] 전 권역의 농도가 전일보다 다소 낮을 것으로 예상됨.</informOverall>
					<informCause></informCause>
					<informGrade>서울 : 예보없음,제주 : 예보없음,전남 : 예보없음,전북 : 예보없음,광주 : 예보없음,경남 : 예보없음,경북 : 예보없음,울산 : 예보없음,대구 : 예보없음,부산 : 예보없음,충남 : 예보없음,충북 : 예보없음,세종 : 예보없음,대전 : 예보없음,영동 : 예보없음,영서 : 예보없음,경기남부 : 예보없음,경기북부 : 예보없음,인천 : 예보없음</informGrade>
					<actionKnack></actionKnack>
					
                        
	                        
		                        
		                        
		                            <imageUrl1>http://www.airkorea.or.kr/file/viewImage/?atch_id=82351</imageUrl1>
                                    <imageUrl2>http://www.airkorea.or.kr/file/viewImage/?atch_id=82352</imageUrl2>
                                    <imageUrl3>http://www.airkorea.or.kr/file/viewImage/?atch_id=82353</imageUrl3>
                                    <imageUrl4>http://www.airkorea.or.kr/file/viewImage/?atch_id=82354</imageUrl4>
                                    <imageUrl5>http://www.airkorea.or.kr/file/viewImage/?atch_id=82355</imageUrl5>
                                    <imageUrl6>http://www.airkorea.or.kr/file/viewImage/?atch_id=82356</imageUrl6>
                                    
		                        
		                        
		                    
                        
                        
                        
                        
                        
                    
					
					<informData>2018-05-02</informData>
				</item>
			
				<item>
					<dataTime>2018-05-01 05시 발표</dataTime>
					<informCode>O3</informCode>
					<informOverall>○ [오존] 전 권역의 농도가 전일보다 다소 낮을 것으로 예상됨.</informOverall>
					<informCause></informCause>
					<informGrade>서울 : 예보없음,제주 : 예보없음,전남 : 예보없음,전북 : 예보없음,광주 : 예보없음,경남 : 예보없음,경북 : 예보없음,울산 : 예보없음,대구 : 예보없음,부산 : 예보없음,충남 : 예보없음,충북 : 예보없음,세종 : 예보없음,대전 : 예보없음,영동 : 예보없음,영서 : 예보없음,경기남부 : 예보없음,경기북부 : 예보없음,인천 : 예보없음</informGrade>
					<actionKnack></actionKnack>
					
                        
	                        
		                        
		                        
		                        
		                            <imageUrl1></imageUrl1>
                                    <imageUrl2></imageUrl2>
                                    <imageUrl3></imageUrl3>
                                    <imageUrl4></imageUrl4>
                                    <imageUrl5></imageUrl5>
                                    <imageUrl6></imageUrl6>
                                    
		                        
		                    
                        
                        
                        
                        
                        
                    
					
					<informData>2018-05-03</informData>
				</item>
			
		</items>
			<totalCount>18</totalCount>
	</body>
</response>
